遊戲內名稱（英文）,公式
STR,
DEX,
INT,
AGI,
VIT,
MaxHP,
MaxMP,
Natural HP Regen,
Natural HP Regen,
HP Regen (In Battle),
Natural MP Regen,
Natural MP Regen,
MP Regen (In Battle),
Attack MP Recovery,
ATK,
,
MATK,
Weapon ATK,
Weapon Base ATK,
Weapon Range,
Physical  Pierce,
Magic Pierce,
DEF,
MDEF,
Stability,
Stability,
Magic Stability,
Physical Resistance,
Magic Resistance,
Accuracy ,
Dodge,
ASPD,
CSPD,
Critical Rate,
Critical Damage,
Critical Damage,
Motion Speed,
Movement Speed,
Unsheathe Attack,
Unsheathe Attack %,
Short Range Damage,
Long Range Damage,
Total Damage (Passive),
Total Damage (Skill),
Ailment Resistance,
Guard Rate,
Guard Recharge,
Guard Power,
Evasion Rate,
Evasion Recharge,
Evasion Count,
Aggro,
Revive Time,
Drop Rate,
Stronger Against Neutral,
Stronger Against Fire,
Stronger Against Water,
Stronger Against Earth,
Stronger Against Wind,
Stronger Against Light,
Stronger Against Dark,
Stronger Against Weaker Element,
Neutral Resistance,
Fire Resistance,
Water Resistance,
Earth Resistance,
Wind Resistance,
Light Resistance,
Dark Resistance,
Physical Barrier,
magical Barrier,
Fractional Barrier,
Barrier Cooldown,
Reflect,
Additional Meele,
Additional Magic,
Anticipate,
Guard Break,
Flinch Unavailable,
Tumble Unavailable,
Stun Unavailable,
Recoil Damage,
EXP Rate,
Element Fire,
Element Water,
Element Earth,
Element Wind,
Element Light,
Element Dark,
Element Mana,
Absolute Dodge,
Absolute Accuracy,
Reduce DMG (Floor),
Reduce DMG (Meteor),
Reduce DMG (Player Epicenter),
Reduce DMG (Foe Epicenter),
Reduce DMG (Bowling),
Reduce DMG (Bullet),
Reduce DMG (Straight Line),
Reduce DMG (Charge),
Reduce Explosion,
Reduce Gravity,
Reduce Emission,
ATK up (STR),
ATK up (DEX),
ATK up (INT),
ATK up (AGI),
ATK up (VIT),
MATK up (STR),
NATK up (DEX),
MATK up (INT),
MATK up (AGI),
MATK up (VIT),
ATK down (STR),
ATK down (DEX),
ATK down (INT),
ATK down (AGI),
ATK down (VIT),
MATK down (STR),
MATK down (DEX),
MATK down (INT),
MATK down (AGI),
MATK down (VIT),
invincible aid (sec),
Pet EXP,
Item Cooldown,
Skill Constant,
magic crt conversion rate,
magic crt damage conversion rate,
normal attack multiplier,
normal attack constant,
Gem Powder Drop,
Total Skill Multiplier,
Skill Multiplier,
Mitigate Graze Penalty ,
,
,
Base Guard Power,
,
Base Evasion Recharge,