編號,托環名稱,取得關卡,等級上限,晶石粉末(同),晶石粉末(不同),類型/技能ID,屬性名稱,屬性值
@stat,,,,,,,,
1,提升物理攻擊,,30,10,,atk,,Lv
2,提升魔法攻擊,,30,10,,matk,,Lv
3,提升HP上限,,100,1,,max_hp,,Lv*10
4,提升MP上限,,100,1,,max_mp,,Lv
5,提升物理防禦,,50,2,,def,,Lv
6,提升魔法防禦,,50,2,,mdef,,Lv
7,提升命中,,10,20,,accuracy,,Lv
8,提升迴避,,10,20,,dodge,,Lv
9,提升攻擊速度,,100,2,,aspd,,Lv
10,提升詠唱速度,,100,2,,cspd,,Lv
@special,,,,,,,,
1,減輕追擊,"150,250",20,7,75,,,陷入膽怯、翻覆或昏厥等無法行動狀態下時，所造成的傷害減少${Lv*1}%。
2,猛毒回復,"30,50",30,5,,,,遭受由猛毒造成的傷害時，有${Lv*1}%機率解除猛毒狀態。
3,燃燒的鬥志,"150,230",10,15,,,,遭受由著火造成的傷害時，可回復自身的攻擊時MP回復量的${Lv*5}%。
,,,,,,,remark,此處為總攻擊回復數值。
4,神經控制,"50,70,250",30,5,,,,麻痺造成的ASPD降低效果減輕${Lv*2}%。
5,貓眼,"30,70,220",1,,,,,盲目狀態時，Miss的攻擊有機率升格為Graze。
6,高體溫,"110,230",20,7,75,,,"凍結狀態下進行一般攻擊時, 有${Lv*5}%機率解除凍結狀態。"
7,緊急維修,"130,250",20,7,75,,,"在降防效果中受到的傷害增加時,有${Lv*5}%機率解除降防狀態。"
8,釘鞋,"110,130",10,15,,,,遲緩造成的機動速度降低效果減輕${Lv*5}%。
9,穩如泰山/八風不動,"70,90",10,15,,,,停止狀態下受到傷害時，站立不動則會減輕${Lv*3}%傷害。
10,浴血奮戰,150,20,7,75,,,出血狀態下，一般攻擊的威力與攻擊時MP回復增加${Lv*5}%。
,,,,,,,remark,此處為總攻擊回復數值。
11,睡眠不足,"90,220",5,30,,,,睡眠狀態的持續時間縮短${Lv*10}%。
12,魔力失火,"130,150,220",1,,,,,發動魔力爆發並倖存時，立即回100MP。
13,怪物狩獵,"150,250",10,15,,,,打倒怪物後回復MP100，發動後${30-Lv}秒内無法再度發動。
14,咖啡時間,"130,230",10,15,,,,打倒怪物後回復HP10%，發動後${30-Lv}秒内無法再度發動。
15,修行者,"10,30,50,70,90",10,15,,,,獲得的EXP增加10%，但是給予敵人的傷害降低${15-Lv}%。
,,,,,,,remark,此處傷害計算為獨立乘項，該乘項與托環中降低害類型共用傷害乘區。
16,火力寵物,"110,250",10,15,,,,主人造成的傷害大幅降低，但是寵物造成的傷害增加${Lv*3}%。
,,,,,,,remark,傷害降低30%。
,,,,,,,remark,此處傷害計算為獨立乘項，該乘項與托環中降低害類型共用傷害乘區。
17,肉盾寵物,"90,230",10,15,,,,主人受到的傷害大幅增加，但是寵物受到的傷害降低${Lv*3}%。
18,HP緊急回復,"30,150",10,15,,,,"受到怪物傷害導致剩餘HP降至25%以下時，立即回復HP${10+Lv}%。
發動後，60秒内無法再度發動。"
19,MP緊急回復,"50,150",10,15,,,,"MP不足時，立即回復MP${Lv*10}。
發動後，60秒内無法再度發動。"
20,魔力暴揍,"110,220,230",1,,,,,失去攻擊MP回復的能力，使普通攻擊的威力增加。
,,,,,,,remark,攻擊MP回復每2，通常攻擊倍率+1%。
21,節省技巧,"110,250",10,15,,,,"自動道具發動時，將不會消耗該道具，但道具冷卻時間變為2倍。
發動後，${40-Lv}秒内無法再度發動。"
22,最後的英雄,"90,190",10,15,,,,"除自己以外的隊伍成員全部陣亡時，每1名陣亡隊友，將使自身的HP與MP回復${10+Lv}%。
發動后，300秒内無法再度發動。"
23,怕寂寞,"90,170,220",5,30,,,,"位於隊伍成員附近時，每10秒回復HP100，但若不位於附近時則會失去HP100。
※此處HP消耗不會造成陣亡。"
,,,,,,,remark,範圍界線為${3+Lv}。
24,起跑衝刺,"170,220",5,30,,,,"初次獲得目標怪物的恨意時，${Lv+5}秒內，一般攻擊的冷卻時間變為0。
發動後，60秒內無法再度發動。"
,,,,,,,remark,此處所述為ASPD低於1100時，出現的普通攻擊間隔時間。
25,曬太陽,"10,30,50,70,220",4,37,375,,,使用可增加自然回復的情緒時，MP回復量再增加${25*Lv}%。
,,,,,,,remark,此處增加量為獨立乘項，搭配情緒可達4倍自然回復。
26,命運共同體,"70,190,220",2,75,,,,"為自己以外的每位隊伍成員
增加ATK與MATK各1%,但每當隊伍成員陣亡,將會失去HP${100-Lv}%.
※此處HP消耗會造成陣亡"
,,,,,,,remark,遊戲客戶端內翻譯錯誤，實際效果如下
,,,,,,,remark,"除自己外,每有一位隊伍成員,為自己增加ATK與MATK各1%,但每當隊伍成員陣亡,將會失去HP"
27,最後的抵抗,"50,170,220",5,30,,,,"當你為隊伍最後一名成員時，用盡最後一絲力氣立即復活，但會在${5+Lv}秒後再次陣亡。
※無法使用急救和復活之露重新再戰"
,,,,,,,remark,遊戲內中文敘述為翻譯錯誤。
,,,,,,,remark,當受到致死傷害時，效果立刻生效，並無倒地畫面。
28,隱匿連擊,"170,230",10,60,,,,每一連擊可減少${Lv}恨意值，連擊越長，效果越高。
29,無之架式,"170,250",10,50,,,,"不使用連擊發動的技能傷害變為${100+Lv}%。
※不適用於蓄力技能等部分技能。"
,,,,,,,remark,此處傷害計算為獨立乘項。
30,殿後,"130,230",10,15,,,,(鏡頭面向)後方受到的傷害減輕${Lv}%，若是正後方則效果更好。
31,救世主,220,1,,,,,隊伍全滅後復活，將會獲得10秒無敵狀態。
,,,,,,,remark,此處的無敵狀態不會因為發動攻擊而消滅。
,,,,,,,remark,當隊伍只有一個人的時候無法獲得此狀態。(可能為BUG)
32,恐慌,"150,230",10,15,,,,每3秒回復MP${10+Lv}，但當敵人的恨意指向自己時，將會失去所有MP，且此雷吉斯托環效果停止30秒。
33,轉讓,"150,250",10,15,,,,"MP上限降低${1000/Lv}，但當自己陣亡時，可將剩餘MP分配給隊伍成員。
※受此效果被回復MP的玩家，180秒内無法接受同樣效果。"
34,火之天賦,220,1,,,,,依屬性而變化的技能效果被固定為火屬性之效果。
,,,,,,,remark,例如：龍力充填、法術/長槍等技能效果變更為著火異常。
35,水之天賦,220,1,,,,,依屬性而變化的技能效果被固定為水屬性之效果。
,,,,,,,remark,例如：龍力充填、法術/長槍等技能效果變更為冰凍異常。
36,風之天賦,220,1,,,,,依屬性而變化的技能效果被固定為風屬性之效果。
,,,,,,,remark,例如：龍力充填技能效果變更為停止異常、法術/長槍等技能效果變更為盲目異常。
37,地之天賦,220,1,,,,,依屬性而變化的技能效果被固定為地屬性之效果。
,,,,,,,remark,例如：龍力充填技能效果變更為猛毒異常、法術/長槍等技能效果變更為遲緩異常。
38,緊急救治,220,10,,,,,減少使用急救時所產生的仇恨。
39,納刀移動．消除,230,1,,,,,不再產生納刀移動。
40,光之天賦,230,1,,,,,依屬性而變化的技能效果被固定為光屬性之效果。
,,,,,,,remark,例如：龍力充填技能效果變更為盲目異常、法術/長槍等技能效果變更為眩暈異常。
41,目標申告,230,1,,,,,當恨意值轉向自己時，自動在隊伍聊天頻道中報告。※公會團隊戰時則會在一般(SAY)頻道報告。
42,下班通報,230,1,,,,,當體力不支倒地時，自動在隊伍聊天頻道中報告。※公會團隊戰時則會在一般(SAY)頻道報告。
43,教官,230,10,60,,,,"自身獲得的EXP降至0，但同時隊伍中等級最低的成員獲得的EXP增加${Lv}%。
如果存在多個等級最低的成員，則效果會降低。"
44,治癒之手,230,10,60,,,,使治癒相關的雷吉斯托環的回復量降低緩解${10*Lv}%。
45,鐵拳,230,5,120,,,,"當主手無裝備或是主手裝備拳套時，破防效果發生率增加${Lv}%。
如果為空手(主副手皆無裝備)時，效果提升3倍。"
46,閃躲套裝,250,1,,,,,即使身穿無法使用Avoid的裝備也可以使用Avoid。
,,,,,,,remark,閃躲次數+2。
47,暗之天賦,250,1,,,,,依屬性而變化的技能效果被固定為暗屬性之效果。
,,,,,,,remark,例如：龍力充填技能效果變更為詛咒異常、法術/長槍等技能效果變更為畏懼異常。
48,傷害檢查,250,1,,,,,踩到警告區域時，若敵人的攻擊超過當前HP的50%，則會額外顯示警告訊息。
49,領教領教,250,10,60,,,,自身對敵人的傷害大幅降低，但同時隊伍成員獲得的EXP增加${Lv}%。
,,,,,,,remark,傷害上限變為目標怪物血量的1%。
,,,,,,,remark,但#燃燒、#中毒等異常傷害不受此影響。
50,騎士的直覺,250,5,120,,,,"裝備單手劍時，「看穿」增加${Lv}%。
如果副手裝備為盾時，效果提升3倍。"
51,專屬護衛官,270,10,100,1000,,,當以坦克定位召喚傭兵/夥伴時，該傭兵/夥伴所受的物理/魔法/比例傷害減輕${Lv*3}%。
52,紅區護盾,270,10,100,,,,受到怪物的紅色警告範圍攻擊傷害減少${Lv}%，但是，單體攻擊的傷害將增加10%（副作用）
53,藍區護盾,270,10,100,,,,受到怪物的藍色警告範圍攻擊傷害減少${Lv}%，但是，單體攻擊的傷害將增加10%（副作用）
,,,,,,,,
,,,,,,,,
@skill,,,,,,,,
blade-skills,,,,,,,,
1,威力攻擊．強化,"30,50,70,90,110,130",20,5,,0-0-0,,技能「威力攻擊」的技能倍率增加${Lv*5}。
2,音速斬切．延長,"30,50,70,90,110,130",20,5,,0-0-5,,技能「音速斬切」的蓄勢待發時間延長${Lv}秒。
3,横掃千軍．屬性,"70,90,110,130,150,220",1,,,0-0-2,,技能「橫掃千軍」的火屬性變為裝備武器的屬性。
4,真空刃．強化,"70,90,110,130,150",20,10,,0-0-6,,技能「真空刃」的技能倍率增加${Lv*2}。
5,風暴氣流．延長,"150,170,190,210,220",1,,,0-0-7,,技能「風暴氣流」的風刃氣旋，攻擊次數增加${Lv}次。
6,爆氣斬．回復,"150,170,190,210",10,30,,0-0-3,,技能「爆氣斬」失去最終一擊，但可回復${Lv*50}的HP。（無動作時間）
7,戰吼．克服,"170,190,210,220",1,,,0-0-12,,技能「戰吼」的發動不會受到畏懼的影響。
8,狂戰士之怒．抑制,"170,190,210,220",1,,,"0-0-13,0-0-3",,技能「狂戰士之怒」的習得技能每高一級，即會有10%的機率不會被解除 爆氣斬 狀態。
9,風暴烈焰．擋閃,250,1,,,0-0-21,,技能「風暴烈焰」動作期間追加阻擋判定，阻擋成功時MP回復效果變為2倍。
10,靈氣之刃．劍壓,250,8,125,,0-0-17,,當技能「靈氣之刃」的目標怪物超出射程時，釋放衝擊波(單體攻擊)給出${Lv*10}%的傷害
11,狂戰士之怒·猛進,270,5,,,0-0-13,,在「狂戰士之怒」效果中受到怪物傷害時，狂戰士之怒的負面效果減輕${Lv}%
12,月弧斬·吸魔,270,10,,,0-0-16,,所有的層數都會被消耗，並且會根據消耗層數回復mp
,,,,,,,,
shot-skills,,,,,,,,
1,威力射擊．強擊,"30,50,70,90,110,130",20,5,,0-1-0,,技能「威力射擊」成功造成翻覆時，技能倍率增加${Lv*15}。
2,渦輪射擊．強化,"30,50,70,90,110,130",20,5,,0-1-1,,技能「渦輪射擊」的技能倍率(每段)增加${Lv*5}。
3,箭雨．追擊,"70,90,110,130,150,220",2,100,,0-1-3,,技能「箭雨」的攻擊次數增加${Lv}次。
4,麻痺射擊．延長,"70,90,110,130,150",10,20,,0-1-6,,技能「麻痺射擊」的強化效果延長${Lv}秒。
5,煙霧彈．延長,"150,170,190,210",10,30,,0-1-7,,技能「煙霧彈」的強化效果延長${Lv}秒。
6,分身射手．壓縮,"170,190,210",10,40,,0-1-13,,技能「分身射手」的持續時間減半，而技能倍率增加${Lv*10}。
7,匿蹤．時限,250,1,,,0-1-10,,技能「匿蹤」的有效次數變更為秒數。
8,曲線炮·識別,270,1,,,0-1-18,,技能「曲線砲」將會僅命中戰斗中的怪物，且必定造成暴擊
,,,,,,,,
magic-skills,,,,,,,,
1,法術/飛箭．追擊,"30,50,70,90,110,130,220",4,25,,0-2-0,,技能「法術/飛箭」的攻擊次數增加${Lv}發。
2,法術/障壁．強化,"30,50,70,90,110,130",20,5,,0-2-5,,技能「法術/障壁」的技能倍率增加${Lv*5}。
3,法術/魔法槍．加速,"70,90,110,130,150,220",5,40,,0-2-2,,技能「法術/魔法槍」的發射間隔縮短${Lv*0.1}秒。
4,法術/引爆．加速,"70,90,110,130,150,220",5,40,,0-2-6,,技能「法術/引爆」的詠唱時間縮短${Lv*0.2}秒。
5,強射．變化,"70,90,110,130,150",10,20,,0-2-12,,"技能「強射」的射程延長效果消失，但一般攻擊的威力增加${Lv+1}%。
※增加値因應技能Lv而變動。"
6,靜默充填,"110,230",20,15,,0-2-10,,在沉默狀態下使用「魔力充填」技能，MP回復量増加${Lv*5}%。
7,法術/衝擊波．鬥氣,"220,250",1,,,0-2-3,,將技能「法術/衝擊波」的慣性類型變更為物理。
8,魔力灌充．切換,220,1,,,0-2-13,,使用此技能時，若不滿足詠唱時間縮短的條件，此技能自動變更為施展魔力充填。
9,變時神術．執念,230,5,200,,0-2-15,,"技能「變時神術」在MP不足時可消耗HP發動，不足MP每100點需要HP${60-Lv*10}%。
※HP消耗可能會導致體力不支倒地。"
10,法術/毀滅．流星,230,5,200,,0-2-17,,技能「法術/毀滅」的附加異常狀態以及隕石大小會大幅降低，但中彈時間縮短${0.1*(Lv-1)}秒，即使未命中，也會落下所有隕石。
11,法術/暴風．延長,250,5,,,0-2-7,,技能「法術/暴風」的技能倍率降低50%，但持續時間延長${Lv*1}秒。
,,,,,,,,
martial-skills,,,,,,,,
1,重擊．強化,"30,50,70,90,110,130",20,5,,0-3-0,,裝備拳套使用技能「重擊」時，技能倍率增加${Lv*5}。
2,音速波動．強化,"30,50,70,90,110,130",20,5,,0-3-5,,裝備拳套使用技能「音速波動」時，技能倍率增加${Lv*5}。
3,穿甲．強化,"70,90,110,130,150,220",5,40,,0-3-2,,技能「穿甲」附加降防的機率增加${Lv*5}。
4,震地強襲．強化,"70,90,110,130,150",10,20,,0-3-6,,裝備拳套使用技能「震地強襲」時，技能倍率增加${Lv*5}。
5,猛暴拳．貫穿,"150,170,190,210",10,30,,0-3-3,,裝備拳套使用技能「猛爆拳」時，追加物理貫穿${Lv*5}%。
,,,,,,,,
dual-sword-skills,,,,,,,,
1,雙弧斬．強化,"30,50,70,90,110,130",20,5,,0-4-1,,技能「雙弧斬」的暴擊傷害增加${Lv}%。
2,禦空破陣．強化,"30,50,70,90,110,130",20,5,,0-4-4,,技能「禦空破陣」的技能倍率增加${Lv*5}。
3,破空刃．壓縮,"70,90,110,130,150",10,20,,"0-4-2,0-4-14",,"技能「破空刃」的效果範圍減少,並失去逼退效果，但每段技能倍率增加${Lv*5}、
技能「破空刃斬」的主傷害技能倍率增加${Lv*20}。"
4,幻影劍．強化,"150,170,190,210",20,15,,0-4-3,,技能「幻影劍」 的技能倍率增加${Lv*5}。
5,猛爆斬．凝心,"70,90,110,130,150",10,,,0-4-5,,技能「猛爆斬」的技能倍率減弱${100-Lv*10}，但保證打出暴擊。
6,弧光劍舞．月影,230,5,200,,0-4-17,,在技能「弧光劍舞」發動時，產生的所有恨意-${15*Lv}%。但若自身已是敵人的攻擊目標，則不會發動。
7,月神災厄·強襲,270,10,100,,0-4-15,,當獲得「疾風收割」的增益效果時時，技能「月神災厄」從任何距離發動都會判定為近距離攻擊，發動後${15-Lv}秒內無法再次發動
8,雙破壞之刃·辟邪,270,3,333,3333,0-4-16,,技能「雙破壞之刃」將依據目標的減益效果數量（最多${Lv}種）而提升威力
,,,,,,,,
,,,,,,,,
halberd-skills,,,,,,,,
1,迅捷刺突．強化,"30,50,70,90,110,130",20,5,,0-5-0,,技能「迅捷刺突」的技能倍率增加${Lv*5}。
2,鴻鵠一擲．妨害,"30,50,70,90,110,130",10,10,,0-5-1,,技能「鴻鵠一擲」的第一擊有${Lv*10}%的機率造成異常狀態「膽怯」。
3,籠尾．強化,"70,90,110,130,150",20,10,,0-5-2,,技能「籠尾」第2發的技能倍率增加${Lv*5}。
4,逆境怒吼．敵意,"70,90,110,130,150",10,20,,0-5-12,,技能「逆境怒吼」產生的恨意値增加${Lv*30}。（民間單位，見#[仇恨值/恨意值]說明）
5,潛龍撼地．收束,"150,170,190,210,220",5,60,,0-5-3,,技能「潛龍撼地」變為單體攻擊，並使造成的#[閃光]抗性時間縮短${Lv*2}秒。（初始為40秒）
6,破壞矛．遠投,250,10,,,0-5-14,,技能「破壞矛」的技能倍率增加${Lv*10}，射程與威力衰減的起始距離延長，且固定為遠距離威力。
7,時空驅動·鐵芯,270,1,,,0-5-7,,將「時空驅動」的附加攻擊效果從魔法攻擊（基於INT）更改為物理攻擊（基於STR）
,,,,,,,,
mononofu-skills,,,,,,,,
1,一閃．強化,"30,50,70,90,110,130",20,5,,0-6-0,,技能「一閃」的第2發的技能倍率增加${Lv*5}。
2,刀柄打擊．妨害,"30,50,70,90,110,130,220",10,20,,0-6-6,,技能「刀柄打擊」給予的麻痺效果延長${Lv}秒。
3,三段突刺．不動,"70,90,110,130,150,220",1,,,0-6-2,,技能「三段突刺」不產生移動。
4,斷禍．除魔,"70,90,110,130,150,220",6,33,333,0-6-7,,技能「斷禍」的魔法傷害減輕效果增加${Lv*5}%。
5,明鏡止水．常套,"70,90,110,130,150,220",1,,,0-6-12,,技能「明鏡止水」狀態期間內施展的技能不再獲得暴擊率加成（仍會降低暴傷），但也不會消耗掉狀態。
6,三段突刺．迴避,220,10,40,,0-6-2,,三段突刺期間未受到任何傷害時，回復${Lv*10}MP。
7,不撓不屈．不敗,250,3,333,3333,0-6-18,,"技能「不撓不屈」的計數會快1秒，但受到傷害時計數會減少${12-Lv*3}。
但若使用Guard或者特定的武士技能防禦傷害，則不會減少。"
,,,,,,,remark,目前確認斷禍、斬釘截鐵、霞雪月花、彈刀等技能不會減少計數。
,,,,,,,,
crusher-skills,,,,,,,,
1,飛踢．迴避,220,1,,,0-7-4,,技能「飛踢」移動期間，獲得最多1秒的無敵狀態。
2,呼吸法．節省,220,1,,,0-7-3,,技能「呼吸法」的消費MP減少100。
,,,,,,,,
shield-skills,,,,,,,,
1,重盾擊．節約,"170,230",10,10,,1-1-1,,使用技能「重盾擊」致使對方昏厥時，可回復${Lv*10}MP。
2,防禦界限．魔法庇護,220,1,,,"1-1-6,1-1-7",,當技能「防禦界限」發動時，已習得之技能「魔法庇護」也會同時啟動。※反之亦然
,,,,,,,,
knight-skills,,,,,,,,
1,突擊．疾行,"190,250",10,10,,1-3-0,,刪除技能「突擊」的逼退與遲緩，技能倍率增加${Lv*10}。
2,憤怒的一擊．強化,"190,250",10,10,,1-3-5,,"技能「憤怒的一擊」的技能倍率增加${Lv*10}。<br>
當對方的恨意目標為自己時，給出的恨意值將變為兩倍。"
3,完善守備．靜音,210,10,,,1-3-2,,技能「完善守備」因成功抵擋傷害所產生的仇恨下降${10*LV}%。
4,繫影強襲．變化,"210,220",1,,,1-3-6,,刪除技能「繫影強襲」的停止效果，變更為#[昏厥]效果。
5,音速擠壓．直擊,230,1,,,1-3-8,,技能「音速擠壓」失去迅速效果，但同時獲得閃躲貫穿效果。
,,,,,,,,
hunter-skills,,,,,,,,
1,失靈陷阱獵手,"210,220",1,,,"1-4-4,1-4-5,1-4-6,1-4-7",,陷阱技能可設置在對象的腳下，但若及時啟動，自身也會受到效果影響。
,,,,,,,,
priest-skills,,,,,,,,
1,高貴治癒．擴大,"190,230",8,50,,1-5-3,,技能「高貴治癒」的有效範圍增加${Lv}m，但HP回復量減半。
2,神聖光輝．神罰,"210,250",10,40,,1-5-5,,技能「神聖光輝」命中時，有1%的機率會發動光屬性的法術/終結，終結的傷害等同技能等級${Lv}。
,,,,,,,remark,法術/終結發動時不消耗MP，亦無技能發動動作，僅有特效傷害顯示。
,,,,,,,remark,神聖之書與附魔之咒所造成的神聖光輝追擊，亦會觸發該效果。
,,,,,,,,
assasin-skills,,,,,,,,
1,暗影步伐．幻惑,"190,220",1,,,1-6-7,,技能「暗影步伐」的追擊不發生慣性。
2,暗殺突刺．強化,"210,230",10,20,,1-6-0,,"技能「暗殺突刺」的倍率提升${LV}%。
若是背刺的情況，命中率提升${LV*10}%。"
,,,,,,,,
wizard-skills,,,,,,,,
1,流星轟炸．單發,"170,220,230",1,,,1-7-3,,技能「流星轟炸」的隕石數量變為1個，也不附加異常狀態，但降落地點不再隨機。
2,使魔．戰友,"190,220,250",1,,,"1-7-0,1-7-7",,技能「使魔」的逃跑機率降低1%，高階使魔的行動時間快1秒。
3,魔力水晶．加速,"210,220",5,,,1-7-5,,技能「魔力水晶」的MP回復量下降100，但詠唱時間縮短${Lv*10}%。
,,,,,,,,
support-skills,,,,,,,,
1,異常抗體．回復,"170,190,210,220",5,40,,2-0-2,,技能「異常抗體」中追加HP回復效果，回復量相當於已習得治癒術治療量的${Lv*10}%。
2,癒合．節約,"170,190,210,220",1,,,2-0-4,,技能「癒合」MP消耗減少100。
3,癒合．儲備,"210,230",10,40,,"2-0-1,2-0-4",,"技能「治癒術」、「癒合」的HP回復量減半。
但每3秒可疊加一次增益，最多累積至${Lv}層。對隊友使用此技能時，可以消耗增益層數代替MP消耗。"
,,,,,,,remark,每使用1層數節約100MP，但使用癒合的場合，需累積至3層數一次節約300MP才會發動效果。
,,,,,,,remark,消耗層數發動的技能無須詠唱。
,,,,,,,remark,不影響縮短復活倒數時間的效果量。
battle-skills,,,,,,,,
1,強打．真髓,"170,190,210,220",5,60,,2-1-6,,技能「強打」的發動率增加${Lv}%。
2,專注．真髓,"170,190,210,220",5,60,,2-1-1,,技能「專注」的發動率增加${Lv}%。
3,追擊之真髓．強化,"170,190,210,220",1,,,2-1-9,,此技能效果觸發率每技能等級增加+1%。
,,,,,,,,
dark-power,,,,,,,,
1,血咬．強化,"170,190,210",10,10,,4-0-0,,技能「血咬」的技能倍率增加${Lv*10}。
2,惡魔狂爪．收束,"210,220,250",1,,,4-0-4,,技能「惡魔狂爪」的技能倍率下降100，但會變為單體攻擊。
,,,,,,,,
magic-blade,,,,,,,,
1,魔力共鳴．火力,"170,230",9,50,,4-1-2,,技能「魔力共鳴」的強化效果固定為火力類型，但增加量降低${95-Lv*5}%。
2,魔力共鳴．加速,"190,250",9,50,,4-1-2,,技能「魔力共鳴」的強化效果固定為速度類型，但增加量降低${95-Lv*5}%。
3,空靈閃焰．延長,"170,190,210,220",1,,,4-1-3,,延長技能「空靈閃焰」的增益效果時間，但攻擊時MP回復效果會降低。
4,魔力共鳴．專注,210,9,50,,4-1-2,,技能「魔力共鳴」的強化效果固定為專注類型，但增加量降低${95-Lv*5}%。
,,,,,,,,
barehand-skills,,,,,,,,
1,聚氣功．全力,"170,230",10,10,,4-4-1,,當未持有「聚氣功」的氣功纏繞狀態、並一次消費2000MP發動此技能時，可使氣功提升層數增加${Lv*10}%。
,,,,,,,,
minstrel-skills,,,,,,,,
1,吉他手,"210,220,250",6,,,"4-3-0,4-3-1,4-3-2,4-3-3,4-3-4",,"詩歌效果層數提升的間隔縮短${Lv}秒，但演奏期間所受傷害量及仇恨增加10%。
※無法適用於夢幻之歌。"
,,,,,,,,
dancer-skills,,,,,,,,
1,簡短舞步,"190,220",1,,,"4-2-0,4-2-1,4-2-2,4-2-3",,"舞者技能的效果時間縮短5秒。
※無法適用於應援之舞。"
,,,,,,,remark,也就是說，疊層間隔亦縮短5秒。
,,,,,,,,
ninja-skills,,,,,,,,
1,風魔手裏劍．強化,220,2,200,,5-2-9,,技能「風魔手裏劍」的MP消耗提升+${200/Lv}，作為交換，此技能威力提升次數+1。
2,火遁術．龍炎,"220,250",10,40,,"5-2-0,5-2-1",,技能「火遁術」的詠唱時間+1秒，該傷害之魔法貫穿+${Lv*2.5}。當發動的是「火遁．爆炎陣」時，效果翻倍。
3,風遁術．拔刀,230,10,40,,"5-2-4,5-2-5",,技能「風遁術」的魔法貫穿+${Lv*5}。當發動的是「風遁．劈甲」時，技能傷害追加拔刀屬性。
4,水遁術·水鏡,270,1,,,5-2-6,,技能「水遁術」由設置類技能變為增益類技能